{
  "version": "2.0",
  "functionTimeout": "00:10:00",
  "logging": {
    "fileLoggingMode": "always",
    "applicationInsights": {
      "samplingSettings": {
        "isEnabled": true,
        "excludedTypes": "Request"
      }
    }
  },
  "extensionBundle": {
    "id": "Microsoft.Azure.Functions.ExtensionBundle",
    "version": "[4.*, 5.0.0)"
  },
  "concurrency": {
    "dynamicConcurrencyEnabled": true,
    "snapshotPersistenceEnabled": true
  },
  "extensions": {  
    "queues": {
    "maxPollingInterval": "00:01:00",
    "visibilityTimeout": "00:00:30",
    "batchSize": 1,
    "newBatchThreshold": 0,
    "maxDequeueCount": 3,
    "messageEncoding": "base64"
  }
}
}